id,make,company,model,engine_cc,bs_standard,year,price_inr,mileage_kmpl,weight_kg,category
1,Hero MotoCorp,Splendor,Plus,97.2,BS6,2024,74152,70,110,100cc Commuter
2,Hero MotoCorp,Passion,Pro,97.2,BS6,2024,68000,68,105,100cc Commuter
3,Hero MotoCorp,HF,Deluxe,97.2,BS6,2024,60000,72,105,100cc Commuter
4,Hero MotoCorp,HF,100,97.2,BS4,2016,58000,70,102,100cc Commuter
5,Hero MotoCorp,HF,100,97.2,BS3,2010,45000,68,102,100cc Commuter
6,Hero MotoCorp,Splendor,iSmart,97.2,BS3,2010,50000,70,110,100cc Commuter
7,Honda,CB,Shine 100,98.98,BS6,2024,95000,60,108,100cc Commuter
8,Honda,CB,Shine 100,98.98,BS4,2016,85000,60,108,100cc Commuter
9,Honda,CB,Shine 100,98.98,BS3,2010,72000,60,108,100cc Commuter
10,Bajaj,CT,100,102,BS6,2024,70000,75,130,100cc Commuter
11,Bajaj,CT,100,102,BS4,2016,62000,75,130,100cc Commuter
12,Bajaj,CT,100,102,BS3,2010,55000,72,130,100cc Commuter
13,TVS,Sport,100,102,BS6,2024,75000,72,138,100cc Commuter
14,TVS,Sport,100,102,BS4,2015,68000,72,138,100cc Commuter
15,TVS,Sport,100,102,BS3,2010,58000,70,138,100cc Commuter
16,Suzuki,Access,125,124.3,BS6,2024,92000,65,125,125cc Commuter
17,Suzuki,Access,125,124.3,BS4,2017,82000,65,125,125cc Commuter
18,Suzuki,Access,125,124.3,BS3,2011,72000,63,125,125cc Commuter
19,Honda,CB,Shine 125,124.7,BS6,2024,125000,55,130,125cc Commuter
20,Honda,CB,Shine 125,124.7,BS4,2017,110000,55,130,125cc Commuter
21,Honda,CB,Shine 125,124.7,BS3,2011,95000,52,130,125cc Commuter
22,Bajaj,Pulsar,125,124.4,BS6,2024,85000,60,140,125cc Sports
23,Bajaj,Pulsar,125,124.4,BS4,2017,75000,58,140,125cc Sports
24,Bajaj,Pulsar,125,124.4,BS3,2012,65000,58,140,125cc Sports
25,TVS,Apache,RTR 160,159.7,BS6,2024,130000,50,142,160cc Sports
26,TVS,Apache,RTR 160,159.7,BS4,2017,115000,48,142,160cc Sports
27,TVS,Apache,RTR 160,159.7,BS3,2012,100000,48,142,160cc Sports
28,Bajaj,Avenger,160,160,BS6,2024,115000,55,153,160cc Cruiser
29,Bajaj,Avenger,160,160,BS4,2017,105000,52,153,160cc Cruiser
30,Bajaj,Avenger,160,160,BS3,2012,92000,52,153,160cc Cruiser
31,Hero MotoCorp,Xtreme,125R,124.6,BS6,2024,100000,62,135,125cc Sports
32,Hero MotoCorp,Xtreme,125R,124.6,BS4,2017,90000,60,135,125cc Sports
33,Hero MotoCorp,Xtreme,125R,124.6,BS3,2011,78000,58,135,125cc Sports
34,Hero MotoCorp,Xtreme,200R,199.6,BS6,2024,145000,38,162,200cc Sports
35,Hero MotoCorp,Xtreme,200R,199.6,BS4,2017,130000,36,162,200cc Sports
36,Bajaj,Pulsar,NS200,199.5,BS6,2024,135000,43,160,200cc Sports
37,Bajaj,Pulsar,NS200,199.5,BS4,2017,120000,42,160,200cc Sports
38,Bajaj,Pulsar,NS200,199.5,BS3,2013,105000,40,160,200cc Sports
39,Yamaha,FZ,150,150,BS6,2024,135000,50,138,150cc Sports
40,Yamaha,FZ,150,150,BS4,2017,118000,48,138,150cc Sports
41,Yamaha,FZ,150,150,BS3,2012,102000,46,138,150cc Sports
42,Royal Enfield,Classic,350,349,BS6,2024,195000,35,202,350cc Cruiser
43,Royal Enfield,Classic,350,349,BS4,2017,175000,33,202,350cc Cruiser
44,Royal Enfield,Classic,350,349,BS3,2012,155000,30,202,350cc Cruiser
45,Royal Enfield,Bullet,350,349,BS6,2024,175000,36,202,350cc Cruiser
46,Royal Enfield,Bullet,350,349,BS4,2017,160000,34,202,350cc Cruiser
47,Royal Enfield,Bullet,350,349,BS3,2012,142000,32,202,350cc Cruiser
48,TVS,Apache,RR 310,312.12,BS6,2024,256000,40,173,310cc Sports
49,TVS,Apache,RR 310,312.12,BS4,2018,235000,38,173,310cc Sports
50,KTM,RC,390,373,BS6,2024,210000,30,150,390cc Sports
51,KTM,RC,390,373,BS4,2017,190000,28,150,390cc Sports
52,KTM,Duke,390,373,BS6,2024,215000,32,148,390cc Sports
53,KTM,Duke,390,373,BS4,2017,195000,30,148,390cc Sports
54,Yamaha,FZS,Fi V4,149,BS6,2024,135000,48,150,150cc Sports
55,Yamaha,FZS,Fi V4,149,BS4,2017,120000,46,150,150cc Sports
56,Yamaha,FZS,Fi V4,149,BS3,2012,105000,44,150,150cc Sports
57,Bajaj,Dominar,250,249,BS6,2024,195000,38,160,250cc Sports
58,Bajaj,Dominar,250,249,BS4,2017,175000,36,160,250cc Sports
59,Suzuki,Gixxer,SF 250,249,BS6,2024,185000,40,156,250cc Sports
60,Suzuki,Gixxer,SF 250,249,BS4,2018,170000,38,156,250cc Sports
61,Jawa,42,334,BS6,2024,209000,32,187,334cc Cruiser
62,Jawa,42,334,BS4,2018,195000,30,187,334cc Cruiser
63,Yezdi,Roadster,334,BS6,2024,209000,35,188,334cc Cruiser
64,Yezdi,Roadster,334,BS4,2018,195000,33,188,334cc Cruiser
65,Honda,CB300,R,286,BS6,2024,225000,38,156,300cc Sports
66,Honda,CB300,R,286,BS4,2018,210000,36,156,300cc Sports
67,Yamaha,MT,15 V2,155,BS6,2024,160000,45,142,155cc Naked
68,Yamaha,MT,15 V2,155,BS4,2017,145000,43,142,155cc Naked
69,Yamaha,MT,15 V2,155,BS3,2013,130000,41,142,155cc Naked
70,Yamaha,R15,V4,155,BS6,2024,195000,38,142,155cc Sports
71,Yamaha,R15,V4,155,BS4,2018,175000,36,142,155cc Sports
72,Triumph,Speed,400,399,BS6,2024,240000,38,202,400cc Naked
73,Triumph,Speed,400,399,BS4,2018,220000,35,202,400cc Naked
74,Kawasaki,Ninja,400,399,BS6,2024,450000,28,168,400cc Sports
75,Kawasaki,Ninja,400,399,BS4,2018,420000,25,168,400cc Sports
76,Harley-Davidson,X440,440,BS6,2024,259000,32,210,440cc Cruiser
77,Hero MotoCorp,Mavrick,440,440,BS6,2024,249000,35,208,440cc Cruiser
78,BMW,G310,RR,313,BS6,2024,295000,32,180,310cc Sports
79,BMW,G310,RR,313,BS4,2018,270000,30,180,310cc Sports
80,Husqvarna,Svartpilen,401,401,BS6,2024,305000,32,175,401cc Naked
81,Husqvarna,Svartpilen,401,401,BS4,2018,285000,30,175,401cc Naked
82,Bajaj,Avenger,220 Cruise,220,BS6,2024,145000,42,200,220cc Cruiser
83,Bajaj,Avenger,220 Cruise,220,BS4,2017,130000,40,200,220cc Cruiser
84,Bajaj,Avenger,220 Cruise,220,BS3,2013,115000,38,200,220cc Cruiser
85,Honda,Hness,CB 350,348.36,BS6,2024,205000,36,208,350cc Cruiser
86,Honda,Hness,CB 350,348.36,BS4,2018,190000,34,208,350cc Cruiser
87,Royal Enfield,Hunter,350,349,BS6,2024,145000,40,202,350cc Cruiser
88,Royal Enfield,Hunter,350,349,BS4,2018,135000,38,202,350cc Cruiser
89,Royal Enfield,Meteor,350,349,BS6,2024,204000,38,202,350cc Cruiser
90,Royal Enfield,Meteor,350,349,BS4,2018,190000,36,202,350cc Cruiser
91,Hero MotoCorp,Karizma,XMR,250,BS6,2024,205000,38,172,250cc Sports
92,Hero MotoCorp,Karizma,XMR,250,BS4,2018,190000,36,172,250cc Sports
93,Hero MotoCorp,Karizma,ZMR,223,BS6,2024,195000,40,168,220cc Sports
94,Hero MotoCorp,Karizma,ZMR,223,BS4,2017,180000,38,168,220cc Sports
95,TVS,Apache,RTR 200 4V,197.5,BS6,2024,140000,44,156,200cc Sports
96,TVS,Apache,RTR 200 4V,197.5,BS4,2017,125000,42,156,200cc Sports
97,TVS,Apache,RTR 200 4V,197.5,BS3,2013,110000,40,156,200cc Sports
98,Yamaha,Fazer,250,249,BS6,2024,195000,38,165,250cc Sports
99,Yamaha,Fazer,250,249,BS4,2018,180000,36,165,250cc Sports
100,Hero MotoCorp,XPulse,200 4V,199.6,BS6,2024,155000,36,160,200cc Adventure
101,Hero MotoCorp,XPulse,200 4V,199.6,BS4,2018,140000,34,160,200cc Adventure
102,Hero MotoCorp,XPulse,210 4V,210,BS6,2024,160000,35,165,210cc Adventure
103,Bajaj,Pulsar,RS200,199,BS6,2024,172000,42,160,200cc Sports
104,Bajaj,Pulsar,RS200,199,BS4,2017,155000,40,160,200cc Sports
105,Bajaj,Pulsar,RS200,199,BS3,2014,140000,38,160,200cc Sports
106,Bajaj,Pulsar,NS400Z,373,BS6,2024,210000,32,160,400cc Sports
107,Bajaj,Pulsar,NS400Z,373,BS4,2018,195000,30,160,400cc Sports
108,Bajaj,Dominar,400,373,BS6,2024,250000,27,170,400cc Sports
109,Bajaj,Dominar,400,373,BS4,2018,230000,25,170,400cc Sports
110,Suzuki,Intruder,150,154,BS6,2024,140000,48,155,150cc Cruiser
111,Suzuki,Intruder,150,154,BS4,2018,125000,46,155,150cc Cruiser
112,Suzuki,Intruder,250,249,BS6,2024,205000,40,165,250cc Cruiser
113,Suzuki,Intruder,250,249,BS4,2018,190000,38,165,250cc Cruiser
114,Kawasaki,KLX,230,223,BS6,2024,230000,35,165,230cc Adventure
115,Kawasaki,KLX,230,223,BS4,2018,210000,33,165,230cc Adventure
116,Aprilia,SR,125,125,BS6,2024,130000,50,140,125cc Scooter
117,Aprilia,SR,150,150,BS6,2024,150000,48,155,150cc Scooter
118,Piaggio,Vespa,150,150,BS6,2024,165000,45,160,150cc Scooter
119,Honda,Activa,6G,109.51,BS6,2024,125000,59,106,110cc Scooter
120,Honda,Activa,6G,109.51,BS4,2017,115000,58,106,110cc Scooter
121,Honda,Activa,5G,109.51,BS3,2012,95000,56,106,110cc Scooter
122,TVS,Zest,110,109.7,BS6,2024,100000,65,125,110cc Scooter
123,TVS,Zest,110,109.7,BS4,2016,90000,63,125,110cc Scooter
124,TVS,Zest,110,109.7,BS3,2011,78000,61,125,110cc Scooter
125,TVS,Wego,109.7,BS6,2024,105000,65,120,110cc Scooter
126,TVS,Wego,109.7,BS4,2016,95000,63,120,110cc Scooter
127,TVS,Wego,109.7,BS3,2011,82000,61,120,110cc Scooter
128,Hero MotoCorp,Pleasure,Plus,110,BS6,2024,88000,68,115,110cc Scooter
129,Hero MotoCorp,Pleasure,Plus,110,BS4,2016,78000,66,115,110cc Scooter
130,Hero MotoCorp,Pleasure,Plus,110,BS3,2011,68000,64,115,110cc Scooter
131,Bajaj,Chetak,149,BS6,2024,175000,48,142,150cc Scooter
132,Bajaj,Chetak,149,BS4,2018,160000,46,142,150cc Scooter
133,Yamaha,Fazer,FI,250,249,BS6,2024,200000,38,165,250cc Sports
134,Yamaha,Fazer,FI,250,249,BS4,2018,185000,36,165,250cc Sports
135,Bajaj,Pulsar,220F,220,BS6,2024,142000,40,165,220cc Sports
136,Bajaj,Pulsar,220F,220,BS4,2017,128000,38,165,220cc Sports
137,Bajaj,Pulsar,220F,220,BS3,2013,115000,36,165,220cc Sports
138,Bajaj,Pulsar,150,150,BS6,2024,120000,58,142,150cc Sports
139,Bajaj,Pulsar,150,150,BS4,2017,108000,56,142,150cc Sports
140,Bajaj,Pulsar,150,150,BS3,2012,95000,54,142,150cc Sports
141,TVS,Apache,RTR 150,149.7,BS6,2024,115000,55,142,150cc Sports
142,TVS,Apache,RTR 150,149.7,BS4,2017,105000,53,142,150cc Sports
143,TVS,Apache,RTR 150,149.7,BS3,2012,92000,51,142,150cc Sports
144,Honda,Unicorn,160,162.17,BS6,2024,128000,52,135,160cc Commuter
145,Honda,Unicorn,160,162.17,BS4,2017,115000,50,135,160cc Commuter
146,Honda,Unicorn,160,162.17,BS3,2012,100000,48,135,160cc Commuter
147,Royal Enfield,Interceptor,650,649,BS6,2024,330000,32,202,650cc Cruiser
148,Royal Enfield,Interceptor,650,649,BS4,2018,310000,30,202,650cc Cruiser
149,Royal Enfield,Continental,GT 650,649,BS6,2024,340000,30,202,650cc Sports
150,Royal Enfield,Continental,GT 650,649,BS4,2018,320000,28,202,650cc Sports
151,Royal Enfield,GT,750,750,BS6,2024,495000,28,202,750cc Cruiser
152,KTM,390,Adventure,373,BS6,2024,330000,28,149,390cc Adventure
153,KTM,390,Adventure,373,BS4,2018,310000,26,149,390cc Adventure
154,KTM,390,Enduro,373,BS6,2024,345000,28,150,390cc Adventure
155,BMW,G310,GS,313,BS6,2024,375000,30,180,310cc Adventure
156,BMW,G310,GS,313,BS4,2018,355000,28,180,310cc Adventure
157,Yamaha,Tenere,700,689,BS6,2024,1150000,16,220,700cc Adventure
158,Triumph,Tiger,900,889,BS6,2024,1250000,18,215,890cc Adventure
159,Kawasaki,Versys,650,649,BS6,2024,850000,20,238,650cc Adventure
160,Honda,CB500F,471,BS6,2024,780000,20,210,471cc Naked
161,Honda,CB600RR,599,BS6,2024,980000,18,198,600cc Sports
162,Yamaha,YZF R1,998,BS6,2024,2250000,12,199,998cc Sports
163,Suzuki,GSX S1000,999,BS6,2024,2150000,14,203,999cc Sports
164,Yamaha,RD,350,347,BS3,1985,NULL,65,145,350cc Vintage Sports
165,Bajaj,Rajdoot,350,347,BS3,1985,NULL,60,165,350cc Vintage Sports
166,Rajdoot,350cc,350,347,BS3,1983,NULL,65,165,350cc Vintage Sports
167,Hero Honda,CD,100,97.2,BS1,1985,NULL,80,105,100cc Vintage Commuter
168,Hero,Majestic,350,350,BS1,1980,NULL,55,175,350cc Vintage Cruiser
169,Hero,Puch,100,98,BS1,1980,NULL,72,120,100cc Vintage Commuter
170,Rajdoot,100,102,BS1,1980,NULL,75,130,100cc Vintage Commuter
171,Honda,50,Cub,49,BS1,1980,NULL,85,75,50cc Vintage Commuter
172,Yamaha,RX,100,98,BS1,1982,NULL,80,105,100cc Vintage Sports
173,Yamaha,RX,135,134,BS1,1984,NULL,65,145,135cc Vintage Sports
174,Kinetic,Luna,50,49,BS1,1982,NULL,90,70,50cc Vintage Scooter
175,Bajaj,Chetak,50,49,BS1,1980,NULL,88,75,50cc Vintage Scooter
176,LML,Vespa,150,150,BS1,1985,NULL,50,160,150cc Vintage Scooter
177,Lambretta,150,150,BS1,1981,NULL,48,155,150cc Vintage Scooter
178,BSA,Bond,100,100,BS1,1982,NULL,75,140,100cc Vintage Commuter
179,Enfield,Bullet,350,350,BS1,1980,NULL,50,190,350cc Vintage Cruiser
180,Enfield,Superb,350,350,BS1,1983,NULL,48,195,350cc Vintage Cruiser
181,Hero,Splendor,Plus,97.2,BS4,2016,70000,70,110,100cc Commuter
182,Hero,Passion,Pro,97.2,BS4,2016,65000,68,105,100cc Commuter
183,Hero,HF,Deluxe,97.2,BS4,2016,58000,70,105,100cc Commuter
184,Honda,CB,Shine 100,98.98,BS3,2010,70000,60,108,100cc Commuter
185,Bajaj,CT,100,102,BS4,2016,60000,75,130,100cc Commuter
186,TVS,Sport,100,102,BS3,2010,56000,70,138,100cc Commuter
187,Suzuki,Access,125,124.3,BS3,2011,70000,63,125,125cc Commuter
188,Honda,CB,Shine 125,124.7,BS3,2011,93000,52,130,125cc Commuter
189,Bajaj,Pulsar,125,124.4,BS3,2012,63000,58,140,125cc Sports
190,TVS,Apache,RTR 160,159.7,BS3,2012,98000,48,142,160cc Sports
191,Bajaj,Avenger,160,160,BS3,2012,90000,52,153,160cc Cruiser
192,Royal Enfield,Classic,350,349,BS3,2012,150000,30,202,350cc Cruiser
193,Royal Enfield,Bullet,350,349,BS3,2012,140000,32,202,350cc Cruiser
194,TVS,Apache,RR 310,312.12,BS4,2017,235000,38,173,310cc Sports
195,KTM,RC,390,373,BS3,2014,170000,26,150,390cc Sports
196,KTM,Duke,390,373,BS3,2014,175000,28,148,390cc Sports
197,Yamaha,FZS,Fi V4,149,BS3,2012,100000,44,150,150cc Sports
198,Bajaj,Dominar,250,249,BS3,2014,155000,34,160,250cc Sports
199,Suzuki,Gixxer,SF 250,249,BS3,2015,155000,36,156,250cc Sports
200,Jawa,42,334,BS3,2019,180000,28,187,334cc Cruiser
201,Yezdi,Roadster,334,BS3,2019,180000,31,188,334cc Cruiser
202,Honda,CB300,R,286,BS3,2016,190000,34,156,300cc Sports
203,Yamaha,MT,15 V2,155,BS3,2013,128000,41,142,155cc Naked
204,Yamaha,R15,V4,155,BS3,2016,160000,34,142,155cc Sports
205,Triumph,Speed,400,399,BS3,2016,200000,33,202,400cc Naked
206,Kawasaki,Ninja,400,399,BS3,2016,400000,23,168,400cc Sports
207,BMW,G310,RR,313,BS3,2016,260000,28,180,310cc Sports
208,Husqvarna,Svartpilen,401,401,BS3,2016,260000,28,175,401cc Naked
209,Bajaj,Avenger,220 Cruise,220,BS3,2013,110000,38,200,220cc Cruiser
210,Honda,Hness,CB 350,348.36,BS3,2016,170000,32,208,350cc Cruiser
211,Royal Enfield,Hunter,350,349,BS3,2019,125000,36,202,350cc Cruiser
212,Royal Enfield,Meteor,350,349,BS3,2019,170000,34,202,350cc Cruiser
213,Hero MotoCorp,Karizma,XMR,250,BS3,2016,170000,34,172,250cc Sports
214,Hero MotoCorp,Karizma,ZMR,223,BS3,2016,160000,36,168,220cc Sports
215,TVS,Apache,RTR 200 4V,197.5,BS3,2013,105000,40,156,200cc Sports
216,Yamaha,Fazer,250,249,BS3,2016,160000,34,165,250cc Sports
217,Hero MotoCorp,XPulse,200 4V,199.6,BS3,2016,120000,32,160,200cc Adventure
218,Hero MotoCorp,XPulse,210 4V,210,BS3,2019,140000,33,165,210cc Adventure
219,Bajaj,Pulsar,RS200,199,BS3,2014,138000,38,160,200cc Sports
220,Bajaj,Pulsar,NS400Z,373,BS3,2016,180000,28,160,400cc Sports
221,Bajaj,Dominar,400,373,BS3,2016,210000,23,170,400cc Sports
222,Suzuki,Intruder,150,154,BS3,2017,110000,44,155,150cc Cruiser
223,Suzuki,Intruder,250,249,BS3,2017,175000,36,165,250cc Cruiser
224,Kawasaki,KLX,230,223,BS3,2016,190000,31,165,230cc Adventure
225,Honda,Activa,6G,109.51,BS3,2012,88000,56,106,110cc Scooter
226,TVS,Zest,110,109.7,BS3,2011,75000,61,125,110cc Scooter
227,TVS,Wego,109.7,BS3,2011,80000,61,120,110cc Scooter
228,Hero MotoCorp,Pleasure,Plus,110,BS3,2011,65000,64,115,110cc Scooter
229,Bajaj,Chetak,149,BS3,2016,140000,44,142,150cc Scooter
230,Yamaha,Fazer,FI,250,249,BS3,2016,165000,34,165,250cc Sports
231,Bajaj,Pulsar,220F,220,BS3,2013,108000,36,165,220cc Sports
232,Bajaj,Pulsar,150,150,BS3,2012,90000,54,142,150cc Sports
233,TVS,Apache,RTR 150,149.7,BS3,2012,88000,51,142,150cc Sports
234,Honda,Unicorn,160,162.17,BS3,2012,92000,48,135,160cc Commuter
235,Royal Enfield,Interceptor,650,649,BS3,2018,280000,28,202,650cc Cruiser
236,Royal Enfield,Continental,GT 650,649,BS3,2018,290000,26,202,650cc Sports
237,Royal Enfield,GT,750,750,BS3,2018,440000,24,202,750cc Cruiser
238,KTM,390,Adventure,373,BS3,2016,290000,24,149,390cc Adventure
239,KTM,390,Enduro,373,BS3,2016,310000,24,150,390cc Adventure
240,BMW,G310,GS,313,BS3,2016,310000,26,180,310cc Adventure
241,Yamaha,Tenere,700,689,BS3,2019,1050000,14,220,700cc Adventure
242,Triumph,Tiger,900,889,BS3,2019,1150000,16,215,890cc Adventure
243,Kawasaki,Versys,650,649,BS3,2018,780000,18,238,650cc Adventure
244,Honda,CB500F,471,BS3,2018,720000,18,210,471cc Naked
245,Honda,CB600RR,599,BS3,2019,900000,16,198,600cc Sports
246,Yamaha,YZF R1,998,BS3,2019,2050000,10,199,998cc Sports
247,Suzuki,GSX S1000,999,BS3,2019,1950000,12,203,999cc Sports
248,Royal Enfield,Himalayan,411,BS6,2024,279000,28,202,411cc Adventure
249,Royal Enfield,Himalayan,411,BS4,2018,255000,26,202,411cc Adventure
250,Royal Enfield,Scram,411,BS6,2024,235000,32,202,411cc Adventure
251,Bajaj,Pulsar,N160,164.82,BS6,2024,110000,58,145,160cc Sports
252,Bajaj,Pulsar,N160,164.82,BS4,2017,100000,56,145,160cc Sports
253,Bajaj,Pulsar,F250,249,BS6,2024,205000,38,160,250cc Sports
254,Bajaj,Pulsar,F250,249,BS4,2018,190000,36,160,250cc Sports
255,Bajaj,Pulsar,N250,249,BS6,2024,195000,38,158,250cc Sports
256,Bajaj,Pulsar,N250,249,BS4,2018,180000,36,158,250cc Sports